<?xml version="1.0" encoding="UTF-8"?>
<GenRun Id="impl_1" LaunchPart="xc7z010clg400-1" LaunchTime="1752570615">
  <File Type="ROUTE-PWR" Name="simplevga_top_power_routed.rpt"/>
  <File Type="PA-TCL" Name="simplevga_top.tcl"/>
  <File Type="ROUTE-PWR-SUM" Name="simplevga_top_power_summary_routed.pb"/>
  <File Type="REPORTS-TCL" Name="simplevga_top_reports.tcl"/>
  <File Type="OPT-RQA-PB" Name="simplevga_top_rqa_opted.pb"/>
  <File Type="BITSTR-MMI" Name="simplevga_top.mmi"/>
  <File Type="OPT-METHODOLOGY-DRC" Name="simplevga_top_methodology_drc_opted.rpt"/>
  <File Type="INIT-TIMING" Name="simplevga_top_timing_summary_init.rpt"/>
  <File Type="OPT-TIMING" Name="simplevga_top_timing_summary_opted.rpt"/>
  <File Type="OPT-DCP" Name="simplevga_top_opt.dcp"/>
  <File Type="OPT-DRC" Name="simplevga_top_drc_opted.rpt"/>
  <File Type="OPT-HWDEF" Name="simplevga_top.hwdef"/>
  <File Type="PWROPT-DCP" Name="simplevga_top_pwropt.dcp"/>
  <File Type="PWROPT-DRC" Name="simplevga_top_drc_pwropted.rpt"/>
  <File Type="PWROPT-TIMING" Name="simplevga_top_timing_summary_pwropted.rpt"/>
  <File Type="PLACE-DCP" Name="simplevga_top_placed.dcp"/>
  <File Type="PLACE-IO" Name="simplevga_top_io_placed.rpt"/>
  <File Type="PLACE-CLK" Name="simplevga_top_clock_utilization_placed.rpt"/>
  <File Type="PLACE-UTIL" Name="simplevga_top_utilization_placed.rpt"/>
  <File Type="PLACE-UTIL-PB" Name="simplevga_top_utilization_placed.pb"/>
  <File Type="PLACE-CTRL" Name="simplevga_top_control_sets_placed.rpt"/>
  <File Type="PLACE-SIMILARITY" Name="simplevga_top_incremental_reuse_placed.rpt"/>
  <File Type="PLACE-PRE-SIMILARITY" Name="simplevga_top_incremental_reuse_pre_placed.rpt"/>
  <File Type="BG-BIN" Name="simplevga_top.bin"/>
  <File Type="PLACE-TIMING" Name="simplevga_top_timing_summary_placed.rpt"/>
  <File Type="ROUTE-PWR-RPX" Name="simplevga_top_power_routed.rpx"/>
  <File Type="PLACE-RQA-PB" Name="simplevga_top_rqa_placed.pb"/>
  <File Type="POSTPLACE-PWROPT-DCP" Name="simplevga_top_postplace_pwropt.dcp"/>
  <File Type="BITSTR-MSK" Name="simplevga_top.msk"/>
  <File Type="POSTPLACE-PWROPT-TIMING" Name="simplevga_top_timing_summary_postplace_pwropted.rpt"/>
  <File Type="PHYSOPT-DCP" Name="simplevga_top_physopt.dcp"/>
  <File Type="PHYSOPT-DRC" Name="simplevga_top_drc_physopted.rpt"/>
  <File Type="BITSTR-RBT" Name="simplevga_top.rbt"/>
  <File Type="PHYSOPT-TIMING" Name="simplevga_top_timing_summary_physopted.rpt"/>
  <File Type="ROUTE-ERROR-DCP" Name="simplevga_top_routed_error.dcp"/>
  <File Type="ROUTE-DCP" Name="simplevga_top_routed.dcp"/>
  <File Type="ROUTE-BLACKBOX-DCP" Name="simplevga_top_routed_bb.dcp"/>
  <File Type="ROUTE-DRC" Name="simplevga_top_drc_routed.rpt"/>
  <File Type="ROUTE-DRC-PB" Name="simplevga_top_drc_routed.pb"/>
  <File Type="ROUTE-DRC-RPX" Name="simplevga_top_drc_routed.rpx"/>
  <File Type="ROUTE-METHODOLOGY-DRC" Name="simplevga_top_methodology_drc_routed.rpt"/>
  <File Type="ROUTE-METHODOLOGY-DRC-RPX" Name="simplevga_top_methodology_drc_routed.rpx"/>
  <File Type="ROUTE-METHODOLOGY-DRC-PB" Name="simplevga_top_methodology_drc_routed.pb"/>
  <File Type="ROUTE-RQS-PB" Name="simplevga_top_rqs_routed.pb"/>
  <File Type="ROUTE-STATUS" Name="simplevga_top_route_status.rpt"/>
  <File Type="ROUTE-STATUS-PB" Name="simplevga_top_route_status.pb"/>
  <File Type="ROUTE-TIMINGSUMMARY" Name="simplevga_top_timing_summary_routed.rpt"/>
  <File Type="ROUTE-TIMING-PB" Name="simplevga_top_timing_summary_routed.pb"/>
  <File Type="ROUTE-TIMING-RPX" Name="simplevga_top_timing_summary_routed.rpx"/>
  <File Type="ROUTE-SIMILARITY" Name="simplevga_top_incremental_reuse_routed.rpt"/>
  <File Type="ROUTE-CLK" Name="simplevga_top_clock_utilization_routed.rpt"/>
  <File Type="ROUTE-BUS-SKEW" Name="simplevga_top_bus_skew_routed.rpt"/>
  <File Type="ROUTE-BUS-SKEW-PB" Name="simplevga_top_bus_skew_routed.pb"/>
  <File Type="ROUTE-BUS-SKEW-RPX" Name="simplevga_top_bus_skew_routed.rpx"/>
  <File Type="POSTROUTE-PHYSOPT-DCP" Name="simplevga_top_postroute_physopt.dcp"/>
  <File Type="POSTROUTE-PHYSOPT-BLACKBOX-DCP" Name="simplevga_top_postroute_physopt_bb.dcp"/>
  <File Type="POSTROUTE-PHYSOPT-TIMING" Name="simplevga_top_timing_summary_postroute_physopted.rpt"/>
  <File Type="POSTROUTE-PHYSOPT-TIMING-PB" Name="simplevga_top_timing_summary_postroute_physopted.pb"/>
  <File Type="POSTROUTE-PHYSOPT-TIMING-RPX" Name="simplevga_top_timing_summary_postroute_physopted.rpx"/>
  <File Type="POSTROUTE-PHYSOPT-BUS-SKEW" Name="simplevga_top_bus_skew_postroute_physopted.rpt"/>
  <File Type="BG-BIT" Name="simplevga_top.bit"/>
  <File Type="POSTROUTE-PHYSOPT-BUS-SKEW-PB" Name="simplevga_top_bus_skew_postroute_physopted.pb"/>
  <File Type="POSTROUTE-PHYSOPT-BUS-SKEW-RPX" Name="simplevga_top_bus_skew_postroute_physopted.rpx"/>
  <File Type="BITSTR-NKY" Name="simplevga_top.nky"/>
  <File Type="BITSTR-BMM" Name="simplevga_top_bd.bmm"/>
  <File Type="PDI-FILE" Name="simplevga_top.pdi"/>
  <File Type="BOOT-PDI-FILE" Name="simplevga_top_soc.pdi"/>
  <File Type="PL-PDI-FILE" Name="simplevga_top_pld.pdi"/>
  <File Type="RCFI_FILE" Name="simplevga_top.rcfi"/>
  <File Type="CFI_FILE" Name="simplevga_top.cfi"/>
  <File Type="RNPI_FILE" Name="simplevga_top.rnpi"/>
  <File Type="NPI_FILE" Name="simplevga_top.npi"/>
  <File Type="RBD_FILE" Name="simplevga_top.rbd"/>
  <File Type="BITSTR-LTX" Name="debug_nets.ltx"/>
  <File Type="BITSTR-LTX" Name="simplevga_top.ltx"/>
  <File Type="BITSTR-SYSDEF" Name="simplevga_top.sysdef"/>
  <File Type="BG-BGN" Name="simplevga_top.bgn"/>
  <File Type="BG-DRC" Name="simplevga_top.drc"/>
  <File Type="RDI-RDI" Name="simplevga_top.vdi"/>
  <File Type="WBT-USG" Name="usage_statistics_webtalk.html"/>
  <File Type="ROUTE-RQS" Name="simplevga_top_routed.rqs"/>
  <File Type="POSTROUTE-PHYSOPT-RQS" Name="simplevga_top_postroute_physopted.rqs"/>
  <File Type="ROUTE-RQS-RPT" Name="route_report_qor_suggestions_0.rpt"/>
  <File Type="POSTROUTE-PHYSOPT-RQS-RPT" Name="postroute_physopt_report_qor_suggestions_0.rpt"/>
  <FileSet Name="sources" Type="DesignSrcs" RelSrcDir="$PSRCDIR/sources_1" RelGenDir="$PGENDIR/sources_1">
    <Filter Type="Srcs"/>
    <File Path="$PSRCDIR/sources_1/new/Punktestand_logik.v">
      <FileInfo>
        <Attr Name="UsedIn" Val="synthesis"/>
        <Attr Name="UsedIn" Val="implementation"/>
        <Attr Name="UsedIn" Val="simulation"/>
      </FileInfo>
    </File>
    <File Path="$PSRCDIR/sources_1/new/ball_physik.v">
      <FileInfo>
        <Attr Name="UsedIn" Val="synthesis"/>
        <Attr Name="UsedIn" Val="implementation"/>
        <Attr Name="UsedIn" Val="simulation"/>
      </FileInfo>
    </File>
    <File Path="$PSRCDIR/sources_1/new/label_bar.v">
      <FileInfo>
        <Attr Name="UsedIn" Val="synthesis"/>
        <Attr Name="UsedIn" Val="implementation"/>
        <Attr Name="UsedIn" Val="simulation"/>
      </FileInfo>
    </File>
    <File Path="$PSRCDIR/sources_1/new/paddle_npc.v">
      <FileInfo>
        <Attr Name="UsedIn" Val="synthesis"/>
        <Attr Name="UsedIn" Val="implementation"/>
        <Attr Name="UsedIn" Val="simulation"/>
      </FileInfo>
    </File>
    <File Path="$PSRCDIR/sources_1/new/paddle_physik.v">
      <FileInfo>
        <Attr Name="UsedIn" Val="synthesis"/>
        <Attr Name="UsedIn" Val="implementation"/>
        <Attr Name="UsedIn" Val="simulation"/>
      </FileInfo>
    </File>
    <File Path="$PSRCDIR/sources_1/new/vga.v">
      <FileInfo>
        <Attr Name="UsedIn" Val="synthesis"/>
        <Attr Name="UsedIn" Val="implementation"/>
        <Attr Name="UsedIn" Val="simulation"/>
      </FileInfo>
    </File>
    <File Path="$PSRCDIR/sources_1/new/vga_pong.v">
      <FileInfo>
        <Attr Name="UsedIn" Val="synthesis"/>
        <Attr Name="UsedIn" Val="implementation"/>
        <Attr Name="UsedIn" Val="simulation"/>
      </FileInfo>
    </File>
    <File Path="$PSRCDIR/sources_1/new/simplevga_top.v">
      <FileInfo>
        <Attr Name="UsedIn" Val="synthesis"/>
        <Attr Name="UsedIn" Val="implementation"/>
        <Attr Name="UsedIn" Val="simulation"/>
      </FileInfo>
    </File>
    <File Path="$PSRCDIR/sources_1/new/digit_6.mem">
      <FileInfo>
        <Attr Name="UsedIn" Val="synthesis"/>
        <Attr Name="UsedIn" Val="simulation"/>
      </FileInfo>
    </File>
    <File Path="$PSRCDIR/sources_1/new/label_player.mem">
      <FileInfo>
        <Attr Name="UsedIn" Val="synthesis"/>
        <Attr Name="UsedIn" Val="simulation"/>
      </FileInfo>
    </File>
    <File Path="$PSRCDIR/sources_1/new/digit_1.mem">
      <FileInfo>
        <Attr Name="UsedIn" Val="synthesis"/>
        <Attr Name="UsedIn" Val="simulation"/>
      </FileInfo>
    </File>
    <File Path="$PSRCDIR/sources_1/new/digit_4.mem">
      <FileInfo>
        <Attr Name="UsedIn" Val="synthesis"/>
        <Attr Name="UsedIn" Val="simulation"/>
      </FileInfo>
    </File>
    <File Path="$PSRCDIR/sources_1/new/digit_8.mem">
      <FileInfo>
        <Attr Name="UsedIn" Val="synthesis"/>
        <Attr Name="UsedIn" Val="simulation"/>
      </FileInfo>
    </File>
    <File Path="$PSRCDIR/sources_1/new/digit_colon.mem">
      <FileInfo>
        <Attr Name="UsedIn" Val="synthesis"/>
        <Attr Name="UsedIn" Val="simulation"/>
      </FileInfo>
    </File>
    <File Path="$PSRCDIR/sources_1/new/label_won.mem">
      <FileInfo>
        <Attr Name="UsedIn" Val="synthesis"/>
        <Attr Name="UsedIn" Val="simulation"/>
      </FileInfo>
    </File>
    <File Path="$PSRCDIR/sources_1/new/digit_5.mem">
      <FileInfo>
        <Attr Name="UsedIn" Val="synthesis"/>
        <Attr Name="UsedIn" Val="simulation"/>
      </FileInfo>
    </File>
    <File Path="$PSRCDIR/sources_1/new/label_bot.mem">
      <FileInfo>
        <Attr Name="UsedIn" Val="synthesis"/>
        <Attr Name="UsedIn" Val="simulation"/>
      </FileInfo>
    </File>
    <File Path="$PSRCDIR/sources_1/new/digit_0.mem">
      <FileInfo>
        <Attr Name="UsedIn" Val="synthesis"/>
        <Attr Name="UsedIn" Val="simulation"/>
      </FileInfo>
    </File>
    <File Path="$PSRCDIR/sources_1/new/digit_2.mem">
      <FileInfo>
        <Attr Name="UsedIn" Val="synthesis"/>
        <Attr Name="UsedIn" Val="simulation"/>
      </FileInfo>
    </File>
    <File Path="$PSRCDIR/sources_1/new/digit_3.mem">
      <FileInfo>
        <Attr Name="UsedIn" Val="synthesis"/>
        <Attr Name="UsedIn" Val="simulation"/>
      </FileInfo>
    </File>
    <File Path="$PSRCDIR/sources_1/new/digit_9.mem">
      <FileInfo>
        <Attr Name="UsedIn" Val="synthesis"/>
        <Attr Name="UsedIn" Val="simulation"/>
      </FileInfo>
    </File>
    <File Path="$PSRCDIR/sources_1/new/digit_7.mem">
      <FileInfo>
        <Attr Name="UsedIn" Val="synthesis"/>
        <Attr Name="UsedIn" Val="simulation"/>
      </FileInfo>
    </File>
    <Config>
      <Option Name="DesignMode" Val="RTL"/>
      <Option Name="TopModule" Val="simplevga_top"/>
      <Option Name="TopAutoSet" Val="TRUE"/>
    </Config>
  </FileSet>
  <FileSet Name="constrs_in" Type="Constrs" RelSrcDir="$PSRCDIR/constrs_1" RelGenDir="$PGENDIR/constrs_1">
    <Filter Type="Constrs"/>
    <File Path="$PSRCDIR/constrs_1/new/Constraint.xdc">
      <FileInfo>
        <Attr Name="UsedIn" Val="synthesis"/>
        <Attr Name="UsedIn" Val="implementation"/>
      </FileInfo>
    </File>
    <Config>
      <Option Name="ConstrsType" Val="XDC"/>
    </Config>
  </FileSet>
  <FileSet Name="utils" Type="Utils" RelSrcDir="$PSRCDIR/utils_1" RelGenDir="$PGENDIR/utils_1">
    <Filter Type="Utils"/>
    <File Path="$PSRCDIR/utils_1/imports/synth_1/simplevga_top.dcp">
      <FileInfo>
        <Attr Name="UsedIn" Val="synthesis"/>
        <Attr Name="UsedIn" Val="implementation"/>
        <Attr Name="UsedInSteps" Val="synth_1"/>
        <Attr Name="AutoDcp" Val="1"/>
      </FileInfo>
    </File>
    <Config>
      <Option Name="TopAutoSet" Val="TRUE"/>
    </Config>
  </FileSet>
  <Strategy Version="1" Minor="2">
    <StratHandle Name="Vivado Implementation Defaults" Flow="Vivado Implementation 2023">
      <Desc>Default settings for Implementation.</Desc>
    </StratHandle>
    <Step Id="init_design"/>
    <Step Id="opt_design"/>
    <Step Id="power_opt_design"/>
    <Step Id="place_design"/>
    <Step Id="post_place_power_opt_design"/>
    <Step Id="phys_opt_design"/>
    <Step Id="route_design"/>
    <Step Id="post_route_phys_opt_design"/>
    <Step Id="write_bitstream"/>
  </Strategy>
</GenRun>
